Voiture n°1,Toyota,
Voiture n°2,Toyota,
Voiture n°3,Mercedes,
Voiture n°4,Renault,
Voiture n°5,Toyota,
Voiture n°6,Jeep,
Voiture n°7,Citroen,
Voiture n°8,Mercedes,
Voiture n°9,Toyota,
Voiture n°10,Renault,
Voiture n°11,Jeep,
Voiture n°12,Toyota,
Voiture n°13,Honda,
Voiture n°14,Urus,
Voiture n°15,Citroen,
Voiture n°16,Peugot,
Voiture n°17,Honda,
Voiture n°18,BMW,
Voiture n°19,Renault,
Voiture n°20,BMW,
Voiture n°21,BMW,
Voiture n°22,Cayen,
Voiture n°23,Chevrolet,
Voiture n°24,Mustang,
Voiture n°25,Citroen,
Voiture n°26,Honda,
Voiture n°27,Corvette,
Voiture n°28,Renault,
Voiture n°29,BMW,
Voiture n°30,Volkswagen,
